{"cameraMode":{"drawMode":0,"name":"Shaded","section":"Shading Mode"},"sceneLighting":true,"audioPlay":false,"sceneViewState":{"showFog":true,"showMaterialUpdate":false,"showSkybox":true,"showFlares":true,"showImageEffects":true,"showParticleSystems":true},"in2DMode":false,"pivot":{"x":-2.6821682453155519,"y":3.878300428390503,"z":-13.45150375366211},"rotation":{"x":-0.30665963888168337,"y":-0.059345073997974399,"z":0.01916143298149109,"w":-0.9497754573822022},"size":5.400900363922119,"orthographic":false}